material_family,brand,material_name,orientation_note,source,annealing_strength_gain_pct,annealing_temp_c,annealing_time_min,density_g_cm3,e_mpa_xy,e_mpa_z,elongation_break_pct_xy,elongation_break_pct_z,elongation_yield_pct_xy,elongation_yield_pct_z,hdt_c_0_45mpa,poisson_typical,tensile_break_mpa_xy,tensile_break_mpa_z,tensile_yield_mpa_xy,tensile_yield_mpa_z,tg_c,nozzle_temp_min_c,nozzle_temp_max_c,bed_temp_min_c,bed_temp_max_c,chamber_temp_c,print_speed_mm_s,nozzle_diameter_min_mm,drying_temp_c,drying_time_hours,flexural_modulus_mpa,flexural_strength_mpa,impact_strength_kj_m2,shore_hardness,compression_strength_mpa,fatigue_cycles,chemical_resistance_rating,uv_resistance_rating,water_absorption_pct,max_service_temp_c,flame_rating,electrical_resistivity_ohm_cm,food_safe,medical_grade,aerospace_certified,rohs_compliant,bio_content_pct,recyclable,relative_cost_index
PAEK,Victrex,AM 200 FIL,FFF optimized lower melt PAEK,Victrex technical datasheet,,,,1.31,2100,2030,6.2,1.5,4.7,1.5,143.0,,37.3,28.1,63.7,28.1,151.0,,,,,,,,,,,,,,,,,,,,,,,,,,,,
PEEK,3DXTECH,ThermaX PEEK,Standard PEEK processing,3DXTECH specifications,,,,1.32,3500,3200,4.5,2.5,3.5,2.0,260.0,0.4,85.0,65.0,90.0,70.0,143.0,,,,,,,,,,,,,,,,,,,,,,,,,,,,
PEEK,Evonik,VESTAKEEP i4 3DF,Implant-grade PEEK,Evonik medical datasheet,,,,1.32,3700,3400,4.8,2.8,3.8,2.2,260.0,0.4,92.0,70.0,95.0,75.0,143.0,,,,,,,,,,,,,,,,,,,,,,,,,,,,
PEI,SABIC/Stratasys,ULTEM 9085,Aerospace certified PEI blend,Stratasys MDS,,,,1.27,2520,2410,5.4,1.9,5.4,,177.0,0.37,68.1,39.4,69.2,,177.0,,,,,,,,,,,,,,,,,,,,,,,,,,,,
PEI,SABIC/Stratasys,ULTEM 1010,Highest heat PEI,Stratasys MDS,,,,1.29,3040,3000,4.0,1.1,,,214.0,0.37,79.2,28.2,,,209.0,,,,,,,,,,,,,,,,,,,,,,,,,,,,
PEKK,Arkema,Kepstan PEKK-A,Tunable crystallinity PEKK,Arkema specifications,,,,1.3,3200,3000,5.0,3.0,4.0,2.5,158.0,0.38,80.0,60.0,85.0,65.0,162.0,,,,,,,,,,,,,,,,,,,,,,,,,,,,
PEKK,Oxford Performance,OXPEKK,Medical grade PEKK,Oxford PM datasheet,,,,1.3,3500,3200,4.5,2.5,3.5,2.0,160.0,0.38,130.0,95.0,136.0,100.0,162.0,,,,,,,,,,,,,,,,,,,,,,,,,,,,
PEKK,Stratasys,Antero 800NA,Aerospace PEKK,Stratasys MDS,,,,1.28,2640,2770,4.5,2.8,3.8,2.5,158.0,0.38,73.0,59.7,86.7,59.4,156.0,,,,,,,,,,,,,,,,,,,,,,,,,,,,
PSU,Solvay,Udel PSU,Polysulfone standard,Solvay design guide,,,,1.24,2480,2400,75.0,40.0,5.0,3.0,174.0,0.37,68.0,50.0,70.3,55.0,185.0,,,,,,,,,,,,,,,,,,,,,,,,,,,,
PSU,3DXTECH,ThermaX PSU,High performance PSU,3DXTECH specifications,,,,1.24,2500,2400,80.0,45.0,5.2,3.2,172.0,0.37,70.0,52.0,72.0,56.0,187.0,,,,,,,,,,,,,,,,,,,,,,,,,,,,
PPSU,BASF,Ultrafuse PPSU,Forward AM PPSU,BASF Forward AM,,,,1.29,1940,1700,7.3,2.9,7.3,2.9,215.0,0.43,74.5,49.0,74.5,49.0,220.0,,,,,,,,,,,,,,,,,,,,,,,,,,,,
PPSU,Solvay,Radel R-5000,Medical PPSU,Solvay design guide,,,,1.29,2340,2200,90.0,50.0,7.2,4.0,214.0,0.43,68.0,50.0,70.0,55.0,220.0,,,,,,,,,,,,,,,,,,,,,,,,,,,,
PES,Solvay,Veradel A-301,Polyethersulfone,Solvay design guide,,,,1.37,2650,2500,50.0,30.0,6.5,4.0,214.0,0.41,80.0,60.0,83.0,65.0,220.0,,,,,,,,,,,,,,,,,,,,,,,,,,,,
PPS,3DXTECH,ThermaX PPS,Polyphenylene sulfide,3DXTECH datasheet,,,,1.35,3800,3500,3.0,2.0,2.5,1.5,250.0,0.38,85.0,65.0,90.0,70.0,85.0,,,,,,,,,,,,,,,,,,,,,,,,,,,,
PPS,Solvay,Ryton PPS,Chemical resistant PPS,Solvay specifications,,,,1.35,3900,3600,2.5,1.5,2.0,1.2,260.0,0.38,90.0,70.0,95.0,75.0,85.0,,,,,,,,,,,,,,,,,,,,,,,,,,,,
PA6-GF30,BASF,Ultrafuse PA6 GF30,30% glass fiber reinforced,BASF technical data,,,,1.3,6200.0,2400.0,3.2,1.9,2.2,0.8,114.0,,78.3,14.9,78.3,14.9,,,,,,,,,,,,,,,,,,,,,,,,,,,,,
PA12-GF,EOS,PA 3200 GF,Glass bead filled SLS,EOS datasheet,,,,1.22,3200.0,3200.0,9.0,9.0,9.0,9.0,157.0,,51.0,51.0,51.0,51.0,,,,,,,,,,,,,,,,,,,,,,,,,,,,,
PA12-GF20,HP,MJF PA12 GB,20% glass beads,HP specifications,,,,1.3,1700.0,1900.0,17.0,9.0,17.0,9.0,180.0,,50.0,50.0,50.0,50.0,,,,,,,,,,,,,,,,,,,,,,,,,,,,,
PP-GF30,BASF,Ultrafuse PP GF30,30% glass polypropylene,BASF datasheet,,,,1.14,7500.0,3000.0,3.0,1.5,2.5,1.2,130.0,,75.0,38.0,80.0,40.0,,,,,,,,,,,,,,,,,,,,,,,,,,,,,
PC-GF10,Covestro,Makrolon GF10,10% glass PC,Covestro data,,,,1.31,4800.0,4500.0,4.0,2.5,3.5,2.0,134.0,,82.0,68.0,85.0,70.0,,,,,,,,,,,,,,,,,,,,,,,,,,,,,
PC-GF20,Covestro,Makrolon GF20,20% glass PC,Covestro data,,,,1.42,7200.0,6800.0,3.2,1.8,2.8,1.5,130.0,,92.0,78.0,95.0,80.0,,,,,,,,,,,,,,,,,,,,,,,,,,,,,
Ceramic,Virtual Foundry,Zirconia,60% ceramic for sintering,,200.0,1450.0,480.0,3.6,,,1.5,0.8,1.0,0.5,,,35.0,25.0,40.0,30.0,,,,,,,,,,,,,,,,,,,,,,,,,,,,,
Ceramic,Virtual Foundry,Alumina,60% alumina for sintering,,250.0,1600.0,480.0,2.4,,,1.2,0.6,0.8,0.4,,,40.0,30.0,45.0,35.0,,,,,,,,,,,,,,,,,,,,,,,,,,,,,
TPU-60A,Recreus,FilaFlex 60A PRO,Ultra-soft 60A shore,Recreus datasheet,,,,1.2,10,8,950.0,800.0,,,,,8.0,6.0,,,-30.0,,,,,,,,,,,,,,,,,,,,,,,,,,,,
TPU-85A,NinjaTek,NinjaFlex 85A,85A shore standard flex,NinjaTek specifications,,,,1.2,12,10,660.0,550.0,,,,,15.0,12.0,,,-35.0,,,,,,,,,,,,,,,,,,,,,,,,,,,,
TPU-95A,NinjaTek,Cheetah,95A fast printing flex,NinjaTek datasheet,,,,1.2,26,22,580.0,450.0,55.0,40.0,,,39.0,30.0,9.0,7.0,-24.0,,,,,,,,,,,,,,,,,,,,,,,,,,,,
TPU-95A,Polymaker,PolyFlex TPU95,Standard 95A TPU,Polymaker data,,,,1.22,50,45,330.0,280.0,,,,,35.0,28.0,,,,,,,,,,,,,,,,,,,,,,,,,,,,,,,
TPU-95A,eSUN,eTPU-95A,High elongation TPU,eSUN specifications,,,,1.21,45,40,800.0,700.0,,,,,35.0,30.0,,,,,,,,,,,,,,,,,,,,,,,,,,,,,,,
TPU-98A,FormFutura,Python Flex,Industrial 98A TPU,FormFutura data,,,,1.2,80,75,400.0,350.0,,,,,40.0,35.0,,,,,,,,,,,,,,,,,,,,,,,,,,,,,,,
TPC-30D,FormFutura,FlexiFil TPC 30D,30D flexible copolyester,FormFutura specs,,,,1.18,120,110,400.0,350.0,,,,,25.0,20.0,,,,,,,,,,,,,,,,,,,,,,,,,,,,,,,
TPC-55D,DuPont,Hytrel 5526,55D thermoplastic copolyester,DuPont datasheet,,,,1.17,190,180,780.0,650.0,37.0,30.0,,,43.0,38.0,14.0,12.0,-20.0,,,,,,,,,,,,,,,,,,,,,,,,,,,,
TPU-75D,NinjaTek,Armadillo,Rigid 75D TPU,NinjaTek discontinued,,,,1.15,500,480,250.0,200.0,,,,,60.0,50.0,,,,,,,,,,,,,,,,,,,,,,,,,,,,,,,
PEBA-90A,Arkema,Pebax,Polyether block amide,Arkema specifications,,,,1.01,100,90,550.0,500.0,,,,,35.0,30.0,,,,,,,,,,,,,,,,,,,,,,,,,,,,,,,
PLA-Conductive,Proto-pasta,Conductive PLA,15 ohm-cm resistivity,Proto-pasta data,,,,1.25,2800,2600,3.5,2.0,2.5,1.5,55.0,,40.0,30.0,45.0,35.0,60.0,,,,,,,,,,,,,,,,,,,,,,,,,,,,
Polyester-Conductive,Multi3D,Electrifi,0.006 ohm-cm copper filled,Multi3D specifications,,,,2.8,1500,1400,2.0,1.5,1.5,1.0,,,22.0,18.0,25.0,20.0,,,,,,,,,,,,,,,,,,,,,,,,,,,,,
PLA-Graphene,Black Magic 3D,Graphene PLA,0.6 ohm-cm resistivity,Black Magic data,,,,1.28,3200,3000,2.5,2.0,2.0,1.5,55.0,,45.0,35.0,50.0,40.0,60.0,,,,,,,,,,,,,,,,,,,,,,,,,,,,
PVDF-Graphene,Add North,Koltron G1,2.0 ohm-cm graphene PVDF,Add North specs,,,,1.78,2500,2400,4.0,2.5,3.0,2.0,,,38.0,32.0,40.0,35.0,120.0,,,,,,,,,,,,,,,,,,,,,,,,,,,,
ABS-ESD,3DXTECH,ESD-ABS,10^7-10^9 ohm/sq CNT,3DXTECH datasheet,,,,1.08,2200,2000,4.0,2.5,3.0,2.0,85.0,,35.0,28.0,38.0,30.0,105.0,,,,,,,,,,,,,,,,,,,,,,,,,,,,
PETG-ESD,3DXTECH,ESD-PETG,10^4-10^9 ohm/sq CNT,3DXTECH datasheet,,,,1.29,2800,2600,4.5,3.0,3.5,2.5,70.0,,45.0,38.0,48.0,40.0,80.0,,,,,,,,,,,,,,,,,,,,,,,,,,,,
PC-ESD,3DXTECH,ESD-PC,10^7-10^9 ohm/sq CNT,3DXTECH datasheet,,,,1.22,2300,2100,4.0,2.5,3.0,2.0,138.0,,58.0,48.0,60.0,50.0,147.0,,,,,,,,,,,,,,,,,,,,,,,,,,,,
PVA,Ultimaker,PVA,Water soluble support,Ultimaker specs,,,,1.23,,,360.0,300.0,,,,,22.0,18.0,,,85.0,,,,,,,,,,,,,,,,,,,,,,,,,,,,
BVOH,Verbatim,BVOH,Fast water soluble,Verbatim datasheet,,,,1.15,,,250.0,200.0,,,,,34.0,28.0,,,68.0,,,,,,,,,,,,,,,,,,,,,,,,,,,,
PVP,Infinite Materials,AquaSys 120,Room temp soluble,IMS specifications,,,,1.12,,,200.0,150.0,,,,,30.0,25.0,,,,,,,,,,,,,,,,,,,,,,,,,,,,,,,
PVP-HT,Infinite Materials,AquaSys 180,High temp soluble to 180C,IMS specifications,,,,1.15,,,180.0,140.0,,,,,35.0,30.0,,,,,,,,,,,,,,,,,,,,,,,,,,,,,,,
HIPS,Generic,HIPS,Breakaway/limonene soluble,General properties,,,,1.05,2000.0,1900.0,3.0,2.2,2.5,1.8,85.0,,30.0,26.0,32.0,28.0,95.0,,,,,,,,,,,,,,,,,,,,,,,,,,,,
Breakaway,Ultimaker,Breakaway,Manual removal support,Ultimaker data,,,,1.1,,,150.0,120.0,,,,,40.0,35.0,,,145.0,,,,,,,,,,,,,,,,,,,,,,,,,,,,
PPA,Solvay,Amodel A-1133 HS,33% glass PPA,Solvay datasheet,,,,1.48,13100,12500,2.5,2.0,2.5,2.0,285.0,,233.0,210.0,221.0,200.0,123.0,,,,,,,,,,,,,,,,,,,,,,,,,,,,
PPA,Solvay,Amodel A-1145 HS,45% glass PPA,Solvay datasheet,,,,1.59,17200,16000,2.0,1.5,2.0,1.5,287.0,,263.0,245.0,259.0,240.0,123.0,,,,,,,,,,,,,,,,,,,,,,,,,,,,
LCP,Celanese,Vectra E130I,30% glass LCP,Celanese data,,,,1.61,15000,14000,2.0,1.5,1.5,1.0,,,175.0,155.0,180.0,160.0,,,,,,,,,,,,,,,,,,,,,,,,,,,,,
PAI,Solvay,Torlon 4203,Unreinforced PAI,Solvay specifications,,,,1.41,3100,2900,7.0,4.0,5.0,3.0,260.0,,105.0,90.0,110.0,95.0,,,,,,,,,,,,,,,,,,,,,,,,,,,,,
PAI,Solvay,Torlon 4XCF,30% carbon PAI,Solvay specifications,,,,1.46,13000,12000,2.5,2.0,2.0,1.5,275.0,,145.0,125.0,150.0,130.0,,,,,,,,,,,,,,,,,,,,,,,,,,,,,
PETG-CF20,ColorFabb,XT-CF20,20% carbon PETG,ColorFabb data,,,,1.40,6200,5800,10.0,8.0,8.0,6.0,80.0,,70.0,60.0,75.0,65.0,80.0,,,,,,,,,,,,,,,,,,,,,,,,,,,,
PHA,ColorFabb,allPHA,100% biodegradable,ColorFabb specs,,,,1.20,3200,3000,5.0,4.0,4.0,3.0,153.0,,32.0,28.0,35.0,30.0,60.0,,,,,,,,,,,,,,,,,,,,,,,,,,,,
TPU-Variable,ColorFabb,varioShore TPU,Foaming TPU 55-92A,ColorFabb data,,,,0.7-1.2,Variable,Variable,300.0,250.0,,,,,20.0,15.0,,,,,,,,,,,,,,,,,,,,,,,,,,,,,,,
PLA-HT,Proto-pasta,HTPLA,Heat treatable PLA,Proto-pasta,140C HDT,95-110,30.0,1.20,3500,3300,4.0,3.0,3.0,2.0,60.0,,48.0,42.0,50.0,45.0,60.0,,,,,,,,,,,,,,,,,,,,,,,,,,,,
PLA-HTCF,Proto-pasta,HTPLA-CF,10% carbon heat treat,Proto-pasta,155C HDT,95-110,30.0,1.30,4500,4200,3.0,2.5,2.5,2.0,60.0,,52.0,48.0,55.0,50.0,60.0,,,,,,,,,,,,,,,,,,,,,,,,,,,,
PLA-Steel,Proto-pasta,Stainless Steel PLA,Magnetic steel composite,Proto-pasta data,,,,2.30,2000,1900,2.5,2.0,2.0,1.5,55.0,,28.0,24.0,30.0,25.0,60.0,,,,,,,,,,,,,,,,,,,,,,,,,,,,
PLA-Iron,Proto-pasta,Magnetic Iron PLA,Ferromagnetic iron fill,Proto-pasta data,,,,1.85,2200,2000,2.5,2.0,2.0,1.5,55.0,,30.0,26.0,32.0,28.0,60.0,,,,,,,,,,,,,,,,,,,,,,,,,,,,
PLA-Industrial,FormFutura,Volcano PLA,Crystalline industrial PLA,FormFutura,95C HDT,110,60.0,1.24,3600,3400,4.0,3.0,3.0,2.5,95.0,,58.0,52.0,60.0,55.0,,,,,,,,,,,,,,,,,,,,,,,,,,,,,
PETG-HD,FormFutura,HDglass,90% transparent PETG,FormFutura specs,,,,1.27,2800,2600,5.0,4.0,4.0,3.0,80.0,,48.0,42.0,50.0,45.0,80.0,,,,,,,,,,,,,,,,,,,,,,,,,,,,
PA6,DSM/Envalior,Novamid ID1030,Pure PA6/66 blend,DSM datasheet,,,,1.14,2800,2600,6.0,4.0,4.0,3.0,104.0,,68.0,58.0,70.0,60.0,,,,,,,,,,,,,,,,,,,,,,,,,,,,,
PA6-CF10,DSM/Envalior,Novamid ID1030-CF10,10% carbon PA6,DSM datasheet,,,,1.2,6500,6000,3.0,2.5,2.5,2.0,125.0,,115.0,95.0,120.0,100.0,,,,,,,,,,,,,,,,,,,,,,,,,,,,,
TPC,DSM/Envalior,Arnitel ID2045,50% bio-based TPC,DSM specifications,,,,1.2,150,140,500.0,450.0,,,,,28.0,24.0,,,,,,,,,,,,,,,,,,,,,,,,,,,,,,,
TPC-HT,DSM/Envalior,Arnitel ID2060 HT,High temp TPC to 150C,DSM specifications,,,,1.22,180,170,450.0,400.0,,,150.0,,32.0,28.0,,,,,,,,,,,,,,,,,,,,,,,,,,,,,,,
PA410,DSM/Envalior,EcoPaXX,70% bio-based PA410,DSM data,,,,1.09,3200,3000,8.0,6.0,4.0,3.0,250.0,,72.0,62.0,75.0,65.0,70.0,,,,,,,,,,,,,,,,,,,,,,,,,,,,
PA46,DSM/Envalior,Stanyl,High temp PA46,DSM specifications,,,,1.18,3500,3300,5.0,4.0,3.0,2.5,220.0,,82.0,72.0,85.0,75.0,,,,,,,,,,,,,,,,,,,,,,,,,,,,,
PC-Medical,Covestro,Makrolon 2608,Medical grade PC,Covestro data,,,,1.2,2300,2200,120.0,80.0,6.0,4.0,138.0,,60.0,52.0,62.0,55.0,150.0,,,,,,,,,,,,,,,,,,,,,,,,,,,,
TPU-88A,Covestro,Desmopan 6-series,Low emission TPU,Covestro specs,,,,1.2,25,22,550.0,500.0,,,,,30.0,26.0,,,,,,,,,,,,,,,,,,,,,,,,,,,,,,,
PC-ABS,Covestro,Bayblend FR3008,Flame retardant blend,Covestro data,,,,1.14,2400,2300,4.0,3.0,3.0,2.5,97.0,,52.0,45.0,55.0,48.0,103.0,,,,,,,,,,,,,,,,,,,,,,,,,,,,
PC-HT,Covestro,Apec,High heat PC,Covestro specs,,,,1.2,2500,2400,100.0,80.0,5.0,4.0,158.0,,68.0,60.0,70.0,62.0,158.0,,,,,,,,,,,,,,,,,,,,,,,,,,,,
PC-Bio,Mitsubishi,DURABIO,Bio-based PC,Mitsubishi data,,,,1.21,2400,2300,110.0,90.0,5.0,4.0,140.0,,62.0,55.0,65.0,58.0,145.0,,,,,,,,,,,,,,,,,,,,,,,,,,,,
PA12,Evonik,VESTAMID RFP,Reduced footprint PA12,Evonik specs,,,,1.01,1700,1600,20.0,15.0,15.0,10.0,160.0,,43.0,38.0,45.0,40.0,,,,,,,,,,,,,,,,,,,,,,,,,,,,,
PEEK-Medical,Evonik,VESTAKEEP i4 3DF,Implant PEEK,Evonik medical,,,,1.32,3700,3400,4.8,2.8,3.8,2.2,260.0,,92.0,70.0,95.0,75.0,143.0,,,,,,,,,,,,,,,,,,,,,,,,,,,,
PEEK-CF12,Evonik,VESTAKEEP iC4612 3DF,12% CF medical PEEK,Evonik medical,,,,1.38,8500,8000,2.5,2.0,2.0,1.5,280.0,,125.0,105.0,130.0,110.0,143.0,,,,,,,,,,,,,,,,,,,,,,,,,,,,
Nylon-CF,Markforged,Onyx,Micro carbon filled nylon,Markforged data,,,,1.2,2200,2000,30.0,20.0,25.0,15.0,145.0,,37.0,28.0,40.0,30.0,,,,,,,,,,,,,,,,,,,,,,,,,,,,,
Nylon-CCF,Markforged,Onyx + Carbon Fiber,Continuous carbon reinforced,Markforged data,,,,1.4,60000,2000,2.0,20.0,1.5,15.0,145.0,,700.0,30.0,470.0,30.0,,,,,,,,,,,,,,,,,,,,,,,,,,,,,
Nylon-Kevlar,Markforged,Onyx + Kevlar,Continuous aramid reinforced,Markforged data,,,,1.3,27000,2000,2.7,20.0,2.3,15.0,145.0,,370.0,30.0,240.0,30.0,,,,,,,,,,,,,,,,,,,,,,,,,,,,,
Nylon-GF,Markforged,Onyx + Fiberglass,Continuous glass reinforced,Markforged data,,,,1.5,21000,2000,2.5,20.0,2.2,15.0,145.0,,350.0,30.0,240.0,30.0,,,,,,,,,,,,,,,,,,,,,,,,,,,,,
Nylon-HSHT,Markforged,Onyx + HSHT Glass,High strength high temp,Markforged data,,,,1.5,22000,2000,2.3,20.0,2.0,15.0,150.0,,600.0,30.0,420.0,30.0,,,,,,,,,,,,,,,,,,,,,,,,,,,,,
Nylon-ESD,Markforged,Onyx ESD,ESD-safe nylon composite,Markforged data,,,,1.2,2200,2000,25.0,15.0,20.0,12.0,145.0,,35.0,26.0,38.0,28.0,,,,,,,,,,,,,,,,,,,,,,,,,,,,,
Nylon-FR,Markforged,Onyx FR,V-0 flame retardant,Markforged data,,,,1.2,2200,2000,25.0,15.0,20.0,12.0,145.0,,35.0,26.0,38.0,28.0,,,,,,,,,,,,,,,,,,,,,,,,,,,,,
Nylon-Mineral,Stratasys,Diran 410MF07,7% mineral filled nylon,Stratasys MDS,,,,1.15,2800,2600,10.0,7.0,8.0,5.0,,,48.0,40.0,50.0,42.0,,,,,,,,,,,,,,,,,,,,,,,,,,,,,
